{"blast": {"precision": 0.6127450980392157, "recall": 0.8116883116883117, "f1-score": 0.6983240223463687, "support": 308.0}, "leafscale": {"precision": 0.9807692307692307, "recall": 0.7203389830508474, "f1-score": 0.8306188925081434, "support": 354.0}, "leafspot": {"precision": 0.9242424242424242, "recall": 0.7746031746031746, "f1-score": 0.842832469775475, "support": 315.0}, "narrow": {"precision": 0.7673716012084593, "recall": 0.9136690647482014, "f1-score": 0.8341543513957307, "support": 278.0}, "sheath": {"precision": 0.8449848024316109, "recall": 0.8373493975903614, "f1-score": 0.8411497730711044, "support": 332.0}, "tungro": {"precision": 0.8190045248868778, "recall": 0.8008849557522124, "f1-score": 0.8098434004474273, "support": 226.0}, "accuracy": 0.8063982349696636, "macro avg": {"precision": 0.8248529469296364, "recall": 0.8097556479055181, "f1-score": 0.8094871515907082, "support": 1813.0}, "weighted avg": {"precision": 0.8306748172600279, "recall": 0.8063982349696636, "f1-score": 0.8101469154211679, "support": 1813.0}}