{"blast": {"precision": 0.7386666666666667, "recall": 0.8993506493506493, "f1-score": 0.8111273792093704, "support": 308.0}, "leafscale": {"precision": 0.9806451612903225, "recall": 0.8587570621468926, "f1-score": 0.9156626506024096, "support": 354.0}, "leafspot": {"precision": 0.948339483394834, "recall": 0.8158730158730159, "f1-score": 0.8771331058020477, "support": 315.0}, "narrow": {"precision": 0.9409722222222222, "recall": 0.9748201438848921, "f1-score": 0.9575971731448764, "support": 278.0}, "sheath": {"precision": 0.8912386706948641, "recall": 0.8885542168674698, "f1-score": 0.889894419306184, "support": 332.0}, "tungro": {"precision": 0.8277310924369747, "recall": 0.8716814159292036, "f1-score": 0.8491379310344828, "support": 226.0}, "accuracy": 0.8830667402095973, "macro avg": {"precision": 0.8879322161176474, "recall": 0.8848394173420208, "f1-score": 0.8834254431832286, "support": 1813.0}, "weighted avg": {"precision": 0.8924067297510805, "recall": 0.8830667402095973, "f1-score": 0.8846281705433567, "support": 1813.0}}