{"blast": {"precision": 0.7664835164835165, "recall": 0.9058441558441559, "f1-score": 0.8303571428571429, "support": 308.0}, "leafscale": {"precision": 0.9810126582278481, "recall": 0.8757062146892656, "f1-score": 0.9253731343283582, "support": 354.0}, "leafspot": {"precision": 0.945054945054945, "recall": 0.819047619047619, "f1-score": 0.8775510204081632, "support": 315.0}, "narrow": {"precision": 0.9442508710801394, "recall": 0.9748201438848921, "f1-score": 0.95929203539823, "support": 278.0}, "sheath": {"precision": 0.9003021148036254, "recall": 0.8975903614457831, "f1-score": 0.8989441930618401, "support": 332.0}, "tungro": {"precision": 0.8223140495867769, "recall": 0.8805309734513275, "f1-score": 0.8504273504273504, "support": 226.0}, "accuracy": 0.8907887479316051, "macro avg": {"precision": 0.893236359206142, "recall": 0.8922565780605073, "f1-score": 0.8903241460801808, "support": 1813.0}, "weighted avg": {"precision": 0.8981206460361737, "recall": 0.8907887479316051, "f1-score": 0.8919414782761337, "support": 1813.0}}