{"blast": {"precision": 0.6854219948849105, "recall": 0.8701298701298701, "f1-score": 0.7668097281831188, "support": 308.0}, "leafscale": {"precision": 0.9893992932862191, "recall": 0.7909604519774012, "f1-score": 0.8791208791208791, "support": 354.0}, "leafspot": {"precision": 0.921146953405018, "recall": 0.8158730158730159, "f1-score": 0.8653198653198653, "support": 315.0}, "narrow": {"precision": 0.8538205980066446, "recall": 0.9244604316546763, "f1-score": 0.8877374784110535, "support": 278.0}, "sheath": {"precision": 0.8558558558558559, "recall": 0.858433734939759, "f1-score": 0.8571428571428571, "support": 332.0}, "tungro": {"precision": 0.8362831858407079, "recall": 0.8362831858407079, "f1-score": 0.8362831858407079, "support": 226.0}, "accuracy": 0.8472145615002757, "macro avg": {"precision": 0.856987980213226, "recall": 0.849356781735905, "f1-score": 0.8487356656697469, "support": 1813.0}, "weighted avg": {"precision": 0.8615691588309133, "recall": 0.8472145615002757, "f1-score": 0.8495997753086877, "support": 1813.0}}