{"blast": {"precision": 0.7345844504021448, "recall": 0.8896103896103896, "f1-score": 0.8046989720998532, "support": 308.0}, "leafscale": {"precision": 0.9837662337662337, "recall": 0.8559322033898306, "f1-score": 0.9154078549848943, "support": 354.0}, "leafspot": {"precision": 0.9413919413919414, "recall": 0.8158730158730159, "f1-score": 0.8741496598639455, "support": 315.0}, "narrow": {"precision": 0.9273356401384083, "recall": 0.9640287769784173, "f1-score": 0.9453262786596119, "support": 278.0}, "sheath": {"precision": 0.8882175226586103, "recall": 0.8855421686746988, "f1-score": 0.8868778280542986, "support": 332.0}, "tungro": {"precision": 0.8200836820083682, "recall": 0.8672566371681416, "f1-score": 0.843010752688172, "support": 226.0}, "accuracy": 0.8781025923883067, "macro avg": {"precision": 0.8825632450609512, "recall": 0.879707198615749, "f1-score": 0.878245224391796, "support": 1813.0}, "weighted avg": {"precision": 0.8875180124824027, "recall": 0.8781025923883067, "f1-score": 0.8797702048634729, "support": 1813.0}}