{"blast": {"precision": 0.754054054054054, "recall": 0.9058441558441559, "f1-score": 0.8230088495575221, "support": 308.0}, "leafscale": {"precision": 0.9777777777777777, "recall": 0.8700564971751412, "f1-score": 0.9207772795216741, "support": 354.0}, "leafspot": {"precision": 0.948339483394834, "recall": 0.8158730158730159, "f1-score": 0.8771331058020477, "support": 315.0}, "narrow": {"precision": 0.9442508710801394, "recall": 0.9748201438848921, "f1-score": 0.95929203539823, "support": 278.0}, "sheath": {"precision": 0.9, "recall": 0.8945783132530121, "f1-score": 0.8972809667673716, "support": 332.0}, "tungro": {"precision": 0.825, "recall": 0.8761061946902655, "f1-score": 0.8497854077253219, "support": 226.0}, "accuracy": 0.888030888030888, "macro avg": {"precision": 0.8915703643844676, "recall": 0.8895463867867471, "f1-score": 0.887879607462028, "support": 1813.0}, "weighted avg": {"precision": 0.8962276124719434, "recall": 0.888030888030888, "f1-score": 0.8893385437922958, "support": 1813.0}}