{"blast": {"precision": 0.4438202247191011, "recall": 0.512987012987013, "f1-score": 0.4759036144578313, "support": 308.0}, "leafscale": {"precision": 0.6564705882352941, "recall": 0.788135593220339, "f1-score": 0.7163029525032092, "support": 354.0}, "leafspot": {"precision": 0.9736842105263158, "recall": 0.7047619047619048, "f1-score": 0.8176795580110497, "support": 315.0}, "narrow": {"precision": 0.551948051948052, "recall": 0.6115107913669064, "f1-score": 0.5802047781569966, "support": 278.0}, "sheath": {"precision": 0.7817589576547231, "recall": 0.7228915662650602, "f1-score": 0.7511737089201878, "support": 332.0}, "tungro": {"precision": 0.6455026455026455, "recall": 0.5398230088495575, "f1-score": 0.5879518072289157, "support": 226.0}, "accuracy": 0.6569222283507998, "macro avg": {"precision": 0.6755307797643552, "recall": 0.6466849795751303, "f1-score": 0.6548694032130318, "support": 1813.0}, "weighted avg": {"precision": 0.6810076525268015, "recall": 0.6569222283507998, "f1-score": 0.6625936719997304, "support": 1813.0}}