{"blast": {"precision": 0.5460674157303371, "recall": 0.788961038961039, "f1-score": 0.6454183266932271, "support": 308.0}, "leafscale": {"precision": 0.967479674796748, "recall": 0.672316384180791, "f1-score": 0.7933333333333333, "support": 354.0}, "leafspot": {"precision": 0.9591836734693877, "recall": 0.746031746031746, "f1-score": 0.8392857142857143, "support": 315.0}, "narrow": {"precision": 0.7117117117117117, "recall": 0.8525179856115108, "f1-score": 0.7757774140752864, "support": 278.0}, "sheath": {"precision": 0.8235294117647058, "recall": 0.8012048192771084, "f1-score": 0.8122137404580153, "support": 332.0}, "tungro": {"precision": 0.7828054298642534, "recall": 0.7654867256637168, "f1-score": 0.7740492170022372, "support": 226.0}, "accuracy": 0.7677881963596249, "macro avg": {"precision": 0.7984628862228572, "recall": 0.7710864499543186, "f1-score": 0.7733462909746356, "support": 1813.0}, "weighted avg": {"precision": 0.8058472552547762, "recall": 0.7677881963596249, "f1-score": 0.7745504967506952, "support": 1813.0}}