{"blast": {"precision": 0.7229551451187335, "recall": 0.8896103896103896, "f1-score": 0.7976710334788938, "support": 308.0}, "leafscale": {"precision": 0.9867109634551495, "recall": 0.8389830508474576, "f1-score": 0.9068702290076336, "support": 354.0}, "leafspot": {"precision": 0.9311594202898551, "recall": 0.8158730158730159, "f1-score": 0.8697123519458545, "support": 315.0}, "narrow": {"precision": 0.9003436426116839, "recall": 0.9424460431654677, "f1-score": 0.9209138840070299, "support": 278.0}, "sheath": {"precision": 0.874251497005988, "recall": 0.8795180722891566, "f1-score": 0.8768768768768769, "support": 332.0}, "tungro": {"precision": 0.8362068965517241, "recall": 0.8584070796460177, "f1-score": 0.8471615720524017, "support": 226.0}, "accuracy": 0.8692774407060121, "macro avg": {"precision": 0.8752712608388556, "recall": 0.870806275238584, "f1-score": 0.8698676578947818, "support": 1813.0}, "weighted avg": {"precision": 0.8796529903054182, "recall": 0.8692774407060121, "f1-score": 0.8710809864335721, "support": 1813.0}}