{"blast": {"precision": 0.2937853107344633, "recall": 0.33766233766233766, "f1-score": 0.31419939577039274, "support": 308.0}, "leafscale": {"precision": 0.45112781954887216, "recall": 0.847457627118644, "f1-score": 0.5888125613346418, "support": 354.0}, "leafspot": {"precision": 0.9519650655021834, "recall": 0.692063492063492, "f1-score": 0.8014705882352942, "support": 315.0}, "narrow": {"precision": 0.34782608695652173, "recall": 0.02877697841726619, "f1-score": 0.053156146179401995, "support": 278.0}, "sheath": {"precision": 0.5735294117647058, "recall": 0.7048192771084337, "f1-score": 0.6324324324324324, "support": 332.0}, "tungro": {"precision": 0.5074626865671642, "recall": 0.3008849557522124, "f1-score": 0.37777777777777777, "support": 226.0}, "accuracy": 0.5140650854936569, "macro avg": {"precision": 0.5209493968456518, "recall": 0.4852774446870643, "f1-score": 0.46130815028832345, "support": 1813.0}, "weighted avg": {"precision": 0.5250127432452717, "recall": 0.5140650854936569, "f1-score": 0.47865364031278596, "support": 1813.0}}