{"blast": {"precision": 0.4967741935483871, "recall": 0.75, "f1-score": 0.5976714100905562, "support": 308.0}, "leafscale": {"precision": 0.8964285714285715, "recall": 0.7090395480225988, "f1-score": 0.7917981072555205, "support": 354.0}, "leafspot": {"precision": 0.982532751091703, "recall": 0.7142857142857143, "f1-score": 0.8272058823529411, "support": 315.0}, "narrow": {"precision": 0.638235294117647, "recall": 0.7805755395683454, "f1-score": 0.7022653721682848, "support": 278.0}, "sheath": {"precision": 0.8264984227129337, "recall": 0.7891566265060241, "f1-score": 0.8073959938366718, "support": 332.0}, "tungro": {"precision": 0.7637362637362637, "recall": 0.6150442477876106, "f1-score": 0.6813725490196079, "support": 226.0}, "accuracy": 0.7308328736900166, "macro avg": {"precision": 0.7673675827725842, "recall": 0.7263502793617155, "f1-score": 0.734618219120597, "support": 1813.0}, "weighted avg": {"precision": 0.7745566829576941, "recall": 0.7308328736900166, "f1-score": 0.7403334896373479, "support": 1813.0}}