{"blast": {"precision": 0.7602179836512262, "recall": 0.9058441558441559, "f1-score": 0.8266666666666667, "support": 308.0}, "leafscale": {"precision": 0.9777777777777777, "recall": 0.8700564971751412, "f1-score": 0.9207772795216741, "support": 354.0}, "leafspot": {"precision": 0.9485294117647058, "recall": 0.819047619047619, "f1-score": 0.879045996592845, "support": 315.0}, "narrow": {"precision": 0.9444444444444444, "recall": 0.9784172661870504, "f1-score": 0.9611307420494699, "support": 278.0}, "sheath": {"precision": 0.9, "recall": 0.8945783132530121, "f1-score": 0.8972809667673716, "support": 332.0}, "tungro": {"precision": 0.8215767634854771, "recall": 0.8761061946902655, "f1-score": 0.8479657387580299, "support": 226.0}, "accuracy": 0.8891340319911748, "macro avg": {"precision": 0.8920910635206053, "recall": 0.8906750076995408, "f1-score": 0.8888112317260095, "support": 1813.0}, "weighted avg": {"precision": 0.896910723169921, "recall": 0.8891340319911748, "f1-score": 0.8903474150174223, "support": 1813.0}}