{"blast": {"precision": 0.7306666666666667, "recall": 0.8896103896103896, "f1-score": 0.8023426061493412, "support": 308.0}, "leafscale": {"precision": 0.9835526315789473, "recall": 0.844632768361582, "f1-score": 0.9088145896656535, "support": 354.0}, "leafspot": {"precision": 0.9379562043795621, "recall": 0.8158730158730159, "f1-score": 0.8726655348047538, "support": 315.0}, "narrow": {"precision": 0.9172413793103448, "recall": 0.9568345323741008, "f1-score": 0.9366197183098591, "support": 278.0}, "sheath": {"precision": 0.8772455089820359, "recall": 0.8825301204819277, "f1-score": 0.8798798798798799, "support": 332.0}, "tungro": {"precision": 0.8220338983050848, "recall": 0.8584070796460177, "f1-score": 0.8398268398268398, "support": 226.0}, "accuracy": 0.873138444567016, "macro avg": {"precision": 0.8781160482037734, "recall": 0.8746479843911722, "f1-score": 0.8733581947727211, "support": 1813.0}, "weighted avg": {"precision": 0.882899858102098, "recall": 0.873138444567016, "f1-score": 0.8748112512466976, "support": 1813.0}}