{"blast": {"precision": 0.7419354838709677, "recall": 0.8961038961038961, "f1-score": 0.8117647058823529, "support": 308.0}, "leafscale": {"precision": 0.9806451612903225, "recall": 0.8587570621468926, "f1-score": 0.9156626506024096, "support": 354.0}, "leafspot": {"precision": 0.9448529411764706, "recall": 0.8158730158730159, "f1-score": 0.8756388415672913, "support": 315.0}, "narrow": {"precision": 0.9305555555555556, "recall": 0.9640287769784173, "f1-score": 0.9469964664310954, "support": 278.0}, "sheath": {"precision": 0.8909090909090909, "recall": 0.8855421686746988, "f1-score": 0.8882175226586103, "support": 332.0}, "tungro": {"precision": 0.8174273858921162, "recall": 0.8716814159292036, "f1-score": 0.8436830835117773, "support": 226.0}, "accuracy": 0.8803088803088803, "macro avg": {"precision": 0.8843876031157539, "recall": 0.8819977226176875, "f1-score": 0.8803272117755895, "support": 1813.0}, "weighted avg": {"precision": 0.8894142550675682, "recall": 0.8803088803088803, "f1-score": 0.8818642884075453, "support": 1813.0}}