{"epoch_list": [1, 2, 3, 4, 5, 6, 7, 8, 9, 10, 11, 12, 13, 14], "train_acc": [56.05684326710817, 72.28200883002208, 76.46247240618102, 80.76710816777042, 82.86423841059603, 83.63686534216336, 84.87858719646799, 84.75441501103752, 85.8719646799117, 85.77538631346579, 86.05132450331126, 86.38245033112582, 85.8167770419426, 86.41004415011038], "train_loss": [1.3147101324651942, 1.0177805107621432, 0.9499398419925446, 0.8710593158506663, 0.8316212101093191, 0.8191528125413207, 0.8057098588834272, 0.8053606970453631, 0.7780543592394582, 0.7869546213917121, 0.7714830013793825, 0.7680428664613244, 0.7784611272068477, 0.7582120129439741], "val_acc": [51.40650854936569, 65.69222283507997, 73.08328736900165, 76.77881963596249, 80.63982349696636, 84.72145615002758, 86.92774407060121, 87.3138444567016, 87.81025923883067, 88.03088803088804, 88.30667402095973, 88.8030888030888, 88.91340319911748, 89.07887479316051], "val_loss": [1.5793816567256316, 1.2597355392843206, 1.009988171352054, 0.8159939462285113, 0.6527659776653957, 0.5430820304766848, 0.48596352483446403, 0.45979499266628265, 0.4441941987930643, 0.43354810309949265, 0.4281821999877642, 0.42168455014094686, 0.41802859277568727, 0.4159416777656608], "best_acc": 89.07887479316051}